state,district,DEI,ASS,UBS,SRS
Chandigarh,chandigarh,0.5684404091483737,0.25,0.25,0.75
Chandigarh,mohali,0.7,0.75,0.75,0.25
Chandigarh,rupnagar,0.9001074938574938,0.7494625307125307,0.4393365751997221,0.25
