state,district,DEI,ASS,UBS,SRS
Puducherry,karaikal,0.5787735475948965,0.6393572181243414,0.75,0.466775043901176
Puducherry,puducherry,0.7393395141150736,0.25,0.5584791917941224,0.25
Puducherry,yanam,0.5024188826569826,0.75,0.25,0.75
