state,district,DEI,ASS,UBS,SRS
Dadra & Nagar Haveli and Daman & Diu,dadra and nagar haveli,0.6012597647058824,1.0,0.4208658823529412,0.25
Dadra & Nagar Haveli and Daman & Diu,daman,0.5088972183708383,0.06496508743000454,0.8780681913378571,0.7316357533249316
Dadra & Nagar Haveli and Daman & Diu,diu,0.4913987006271441,0.0,0.8879956687571471,0.75
